{
    "1": {
        "method": "createTable",
        "params": [
            {
                "name": "cms_media",
                "columns": {
                    "media_id": {
                        "allow_null": false,
                        "auto_increment": true,
                        "binary": false,
                        "comment": "",
                        "decimals": null,
                        "default": null,
                        "length": 10,
                        "name": "media_id",
                        "type": "INT",
                        "unsigned": false,
                        "values": [],
                        "zerofill": false
                    },
                    "media_parent": {
                        "allow_null": false,
                        "auto_increment": false,
                        "binary": false,
                        "comment": "",
                        "decimals": null,
                        "default": "0",
                        "length": 10,
                        "name": "media_parent",
                        "type": "INT",
                        "unsigned": false,
                        "values": [],
                        "zerofill": false
                    },
                    "media_filename": {
                        "allow_null": false,
                        "auto_increment": false,
                        "binary": false,
                        "comment": "",
                        "decimals": null,
                        "default": "",
                        "length": 255,
                        "name": "media_filename",
                        "type": "VARCHAR",
                        "unsigned": false,
                        "values": [],
                        "zerofill": false
                    },
                    "media_data": {
                        "allow_null": true,
                        "auto_increment": false,
                        "binary": false,
                        "comment": "",
                        "decimals": null,
                        "default": null,
                        "length": 0,
                        "name": "media_data",
                        "type": "MEDIUMBLOB",
                        "unsigned": false,
                        "values": [],
                        "zerofill": false
                    },
                    "media_added": {
                        "allow_null": false,
                        "auto_increment": false,
                        "binary": false,
                        "comment": "",
                        "decimals": null,
                        "default": "0",
                        "length": 10,
                        "name": "media_added",
                        "type": "INT",
                        "unsigned": false,
                        "values": [],
                        "zerofill": false
                    },
                    "media_full_path": {
                        "allow_null": true,
                        "auto_increment": false,
                        "binary": false,
                        "comment": "",
                        "decimals": null,
                        "default": null,
                        "length": 0,
                        "name": "media_full_path",
                        "type": "TEXT",
                        "unsigned": false,
                        "values": [],
                        "zerofill": false
                    },
                    "media_file_object": {
                        "name": "media_file_object",
                        "type": "TEXT",
                        "length": null,
                        "decimals": null,
                        "values": [],
                        "allow_null": true,
                        "default": null,
                        "comment": "",
                        "unsigned": false,
                        "zerofill": false,
                        "auto_increment": false,
                        "binary": false
                    },
                    "media_filename_stored": {
                        "name": "media_filename_stored",
                        "type": "TEXT",
                        "length": null,
                        "decimals": null,
                        "values": [],
                        "allow_null": true,
                        "default": null,
                        "comment": "",
                        "unsigned": false,
                        "zerofill": false,
                        "auto_increment": false,
                        "binary": false
                    },
                    "media_is_image": {
                        "name": "media_is_image",
                        "type": "TINYINT",
                        "length": 1,
                        "decimals": null,
                        "values": [],
                        "allow_null": false,
                        "default": "0",
                        "comment": "",
                        "unsigned": true,
                        "zerofill": false,
                        "auto_increment": false,
                        "binary": false
                    }
                },
                "indexes": {
                    "PRIMARY": {
                        "type": "primary",
                        "name": "PRIMARY",
                        "length": [
                            null
                        ],
                        "columns": [
                            "media_id"
                        ]
                    }
                },
                "collation": "utf8mb4_unicode_ci"
            }
        ]
    },
    "2": {
        "method": "createTable",
        "params": [
            {
                "name": "cms_media_folders",
                "columns": {
                    "media_folder_id": {
                        "allow_null": false,
                        "auto_increment": true,
                        "binary": false,
                        "comment": "",
                        "decimals": null,
                        "default": null,
                        "length": 10,
                        "name": "media_folder_id",
                        "type": "INT",
                        "unsigned": false,
                        "values": [],
                        "zerofill": false
                    },
                    "media_folder_parent": {
                        "allow_null": false,
                        "auto_increment": false,
                        "binary": false,
                        "comment": "",
                        "decimals": null,
                        "default": "0",
                        "length": 10,
                        "name": "media_folder_parent",
                        "type": "INT",
                        "unsigned": false,
                        "values": [],
                        "zerofill": false
                    },
                    "media_folder_name": {
                        "allow_null": false,
                        "auto_increment": false,
                        "binary": false,
                        "comment": "",
                        "decimals": null,
                        "default": "",
                        "length": 255,
                        "name": "media_folder_name",
                        "type": "VARCHAR",
                        "unsigned": false,
                        "values": [],
                        "zerofill": false
                    },
                    "media_folder_path": {
                        "allow_null": true,
                        "auto_increment": false,
                        "binary": false,
                        "comment": "",
                        "decimals": null,
                        "default": null,
                        "length": 0,
                        "name": "media_folder_path",
                        "type": "TEXT",
                        "unsigned": false,
                        "values": [],
                        "zerofill": false
                    }
                },
                "indexes": {
                    "PRIMARY": {
                        "type": "primary",
                        "name": "PRIMARY",
                        "length": [
                            null
                        ],
                        "columns": [
                            "media_folder_id"
                        ]
                    },
                    "media_folder_parent": {
                        "type": "key",
                        "name": "media_folder_parent",
                        "length": [
                            null
                        ],
                        "columns": [
                            "media_folder_parent"
                        ]
                    }
                },
                "collation": "utf8mb4_unicode_ci"
            }
        ]
    }
}